{
  "x": 0.7816740274429321,
  "y": -0.0008656445425003767,
  "z": 0.43174201250076294,
  "theta_x": 90.28559875488281,
  "theta_y": 0.9917342066764832,
  "theta_z": 89.6825180053711
}